RELEASE_YEAR,TOTAL_VOTES
2017,2656954
2016,2199761
2015,2122712
2013,2095457
2019,2071259
2008,1841823
2018,1528922
2014,1485183
2021,1256803
2005,1208784
2010,1200948
2020,1044420
2006,697886
2012,688390
2011,683054
2009,574919
2003,500741
1989,302700
2000,134877
1998,112887
1999,112586
2002,93980
1997,90196
1995,78088
1969,72895
2022,70371
1993,61145
2001,41791
2007,32767
2004,21531
